timestamp,usd_hashprice,btc_hashprice
2/1/25,60.26,0.00058862
1/31/25,61.16,0.00058802
1/30/25,61.74,0.00058745
1/29/25,60.2,0.0005874
1/28/25,60.24,0.00058848
1/27/25,58.83,0.00058605
1/26/25,60.31,0.00057544
1/25/25,60.52,0.00057811
1/24/25,60.69,0.0005777
1/23/25,59.64,0.00057774
1/22/25,60.9,0.00058055
1/21/25,60.82,0.00058564
1/20/25,60.59,0.00057944
1/19/25,60.36,0.0005772
1/18/25,60.02,0.00057841
1/17/25,59.67,0.00058039
1/16/25,57.69,0.00057965
1/15/25,56.61,0.00057727
1/14/25,55.48,0.00057872
1/13/25,53.58,0.00057619
1/12/25,54.65,0.00057834
1/11/25,54.81,0.00058083
1/10/25,54.73,0.00058085
1/9/25,54.48,0.0005831
1/8/25,55.67,0.00058316
1/7/25,58.2,0.00058259
1/6/25,58.08,0.00057974
1/5/25,56.86,0.00057984
1/4/25,56.86,0.00058016
1/3/25,56.35,0.00057965
1/2/25,55.63,0.00057835
1/1/25,54.45,0.00058059
12/31/24,54.29,0.00057997
12/30/24,54.25,0.0005815
12/29/24,55.3,0.00058563
12/28/24,55.51,0.00058698
12/27/24,56.18,0.00058853
12/26/24,56.92,0.00058893
12/25/24,58.12,0.0005907
12/24/24,56.88,0.00059368
12/23/24,55.93,0.00059085
12/22/24,56.81,0.00059044
12/21/24,58.31,0.00059714
12/20/24,58.29,0.00060507
12/19/24,60.11,0.00059999
12/18/24,61.97,0.00059618
12/17/24,63.47,0.00059464
12/16/24,62.66,0.00059484
12/15/24,63.5,0.00061934
12/14/24,63.05,0.00062109
12/13/24,62.65,0.00062337
12/12/24,63.81,0.00063302
12/11/24,62.04,0.00062734
12/10/24,60.35,0.00062281
12/9/24,61.58,0.00062515
12/8/24,62.44,0.00062529
12/7/24,62.92,0.00063052
12/6/24,61.74,0.00062371
12/5/24,62.88,0.00062157
12/4/24,60.03,0.00062182
12/3/24,59.92,0.00062712
12/2/24,62.17,0.00064693
12/1/24,60.77,0.00062697
11/30/24,61.03,0.0006308
11/29/24,61.48,0.00063469
11/28/24,60.29,0.00063161
11/27/24,59.85,0.00063499
11/26/24,58.91,0.00063246
11/25/24,60.75,0.00062742
11/24/24,61.56,0.00063118
11/23/24,63.2,0.00064217
11/22/24,62.88,0.00063633
11/21/24,62.77,0.00064605
11/20/24,60.28,0.00064538
11/19/24,58.89,0.00064011
11/18/24,57.68,0.00063393
11/17/24,57.12,0.00063218
11/16/24,60.77,0.00066702
11/15/24,58.64,0.00065751
11/14/24,58.78,0.00065524
11/13/24,57.47,0.00064537
11/12/24,56.84,0.00064543
11/11/24,52.7,0.00063316
11/10/24,50.35,0.00063594
11/9/24,48.36,0.00063273
11/8/24,47.89,0.00062827
11/7/24,47.34,0.00062755
11/6/24,46.62,0.00062851
11/5/24,43.27,0.0006273
11/4/24,45.37,0.00066297
11/3/24,45.67,0.00066692
11/2/24,46.49,0.00066885
11/1/24,46.75,0.00067078
10/31/24,53.09,0.00074256
10/30/24,48.31,0.00066891
10/29/24,48.01,0.00067072
10/28/24,45.74,0.00066664
10/27/24,45.12,0.00066977
10/26/24,45.67,0.00068247
10/25/24,49.69,0.00073524
10/24/24,46.78,0.00069305
10/23/24,46.17,0.00069357
10/22/24,47.8,0.00071021
10/21/24,47.77,0.00070109
10/20/24,47.94,0.00070037
10/19/24,48.61,0.00071182
10/18/24,49.94,0.00073313
10/17/24,53.27,0.0007922
10/16/24,48.95,0.00072518
10/15/24,47.6,0.00072038
10/14/24,46.8,0.00072251
10/13/24,46.05,0.00073427
10/12/24,47.72,0.00075844
10/11/24,44.75,0.00072748
10/10/24,43.16,0.00071334
10/9/24,44.11,0.00071356
10/8/24,45.84,0.00073462
10/7/24,46.01,0.00072609
10/6/24,45.31,0.00072766
10/5/24,44.96,0.00072449
10/4/24,44.41,0.0007215
10/3/24,43.87,0.00072175
10/2/24,44.2,0.00072144
10/1/24,45.43,0.00072295
9/30/24,46.26,0.00072253
9/29/24,47.62,0.00072445
9/28/24,47.99,0.00072975
9/27/24,47.81,0.00072845
9/26/24,46.45,0.00072254
9/25/24,44.27,0.00069451
9/24/24,43.84,0.00069007
9/23/24,43.66,0.00068732
9/22/24,43.29,0.00068742
9/21/24,43.67,0.00069191
9/20/24,43.85,0.00069359
9/19/24,43.35,0.00069164
9/18/24,41.52,0.0006903
9/17/24,40.93,0.00068946
9/16/24,40.13,0.00068794
9/15/24,41.32,0.00068855
9/14/24,41.43,0.00068992
9/13/24,40.52,0.00069017
9/12/24,40.1,0.00069107
9/11/24,39.48,0.00069364
9/10/24,40.76,0.00071367
9/9/24,39.66,0.00071223
9/8/24,38.67,0.00071126
9/7/24,38.67,0.00071303
9/6/24,39.67,0.00071768
9/5/24,40.62,0.00071518
9/4/24,40.9,0.00071537
9/3/24,41.82,0.0007137
9/2/24,41.48,0.0007126
9/1/24,41.48,0.00071238
8/31/24,42.19,0.00071407
8/30/24,42.34,0.00071633
8/29/24,42.66,0.00071459
8/28/24,43.09,0.00072654
8/27/24,45.91,0.00073838
8/26/24,46.93,0.0007367
8/25/24,47.16,0.00073514
8/24/24,47.2,0.00073636
8/23/24,49.25,0.00079799
8/22/24,48.27,0.0007955
8/21/24,44.16,0.00073772
8/20/24,44.49,0.00074011
8/19/24,43.19,0.00073612
8/18/24,43.81,0.00073424
8/17/24,43.65,0.00073632
8/16/24,43.12,0.00073762
8/15/24,43.01,0.00073652
8/14/24,42.46,0.00070578
8/13/24,42.2,0.00070655
8/12/24,41.54,0.00070399
8/11/24,42.51,0.00070333
8/10/24,42.94,0.00070686
8/9/24,43.05,0.00070891
8/8/24,41.19,0.00070762
8/7/24,39.83,0.0007069
8/6/24,39.48,0.00070669
8/5/24,37.7,0.00070539
8/4/24,42.31,0.00070565
8/3/24,43.42,0.00070877
8/2/24,45.17,0.00070824
8/1/24,45.47,0.00070904
7/31/24,48.68,0.0007378
7/30/24,51.83,0.00078094
7/29/24,53.53,0.00078044
7/28/24,53,0.00078139
7/27/24,53.42,0.00078241
7/26/24,52.6,0.00078186
7/25/24,50.6,0.00078335
7/24/24,51.71,0.00078242
7/23/24,52.13,0.00078258
7/22/24,53.02,0.00078448
7/21/24,52.44,0.00078028
7/20/24,52.37,0.00078395
7/19/24,51.08,0.00078501
7/18/24,51.83,0.00080578
7/17/24,52.8,0.00081197
7/16/24,52.19,0.00081303
7/15/24,50.99,0.00081016
7/14/24,49.01,0.00081642
7/13/24,47.81,0.00081847
7/12/24,46.64,0.00081154
7/11/24,47.36,0.00081831
7/10/24,47.38,0.00081558
7/9/24,46.7,0.00081331
7/8/24,45.77,0.00081414
7/7/24,46.6,0.00081281
7/6/24,46.69,0.00081852
7/5/24,45.46,0.00081572
7/4/24,45.35,0.0007783
7/3/24,47.19,0.00077933
7/2/24,48.79,0.00078117
7/1/24,49.16,0.00077948
6/30/24,47.67,0.00077597
6/29/24,47.44,0.0007798
6/28/24,48.01,0.00078547
6/27/24,48.23,0.00078722
6/26/24,48.88,0.00079596
6/25/24,48.19,0.00078607
6/24/24,48.05,0.00078233
6/23/24,50.32,0.00078411
6/22/24,51.05,0.00079438
6/21/24,51.34,0.00080015
6/20/24,52.91,0.00081086
6/19/24,52.54,0.00080664
6/18/24,52.48,0.00080512
6/17/24,52.84,0.00079854
6/16/24,54.23,0.00081674
6/15/24,55.72,0.000842
6/14/24,56.54,0.00085058
6/13/24,56.3,0.00083602
6/12/24,56.59,0.00083008
6/11/24,57.8,0.00085653
6/10/24,59.62,0.00085705
6/9/24,61.92,0.00089153
6/8/24,83.96,0.00121018
6/7/24,68.99,0.00097856
6/6/24,61.99,0.00087304
6/5/24,58.36,0.00082135
6/4/24,56.23,0.00080789
6/3/24,55.68,0.00080753
6/2/24,55.06,0.00081212
6/1/24,57.07,0.00084355
5/31/24,56.85,0.00083631
5/30/24,55.59,0.00081561
5/29/24,53.45,0.0007871
5/28/24,53.41,0.00078305
5/27/24,53.8,0.00077842
5/26/24,53.42,0.0007748
5/25/24,53.71,0.0007788
5/24/24,52.9,0.0007789
5/23/24,54.19,0.00078832
5/22/24,55.71,0.00079781
5/21/24,55.96,0.00079267
5/20/24,52.86,0.00078151
5/19/24,52.56,0.00078605
5/18/24,52.95,0.0007907
5/17/24,52.45,0.00079151
5/16/24,52.34,0.00079545
5/15/24,50.51,0.00079446
5/14/24,49.4,0.00079819
5/13/24,49.64,0.00079647
5/12/24,48.96,0.00080086
5/11/24,49.65,0.00081515
5/10/24,50.14,0.00080761
5/9/24,48.55,0.00078613
5/8/24,48.57,0.00078016
5/7/24,50.02,0.00078801
5/6/24,53.54,0.00083745
5/5/24,54.97,0.00086197
5/4/24,49.5,0.00078019
5/3/24,46.68,0.00076972
5/2/24,45.26,0.00077564
5/1/24,45.58,0.00078228
4/30/24,48.7,0.00078828
4/29/24,49.95,0.00079616
4/28/24,51.56,0.00080997
4/27/24,53.23,0.00084415
4/26/24,56.68,0.00088384
4/25/24,60.18,0.00093751
4/24/24,85.69,0.00130245
4/23/24,81.74,0.00122952
4/22/24,78.04,0.00118206
4/21/24,123.75,0.00190402
4/20/24,139.14,0.00216433
4/19/24,103.64,0.00162528
4/18/24,103.11,0.00165191
4/17/24,100.53,0.0016059
4/16/24,104.51,0.00165888
4/15/24,105.71,0.00162664
4/14/24,101.53,0.00158114
4/13/24,110.45,0.00165897
4/12/24,117.91,0.00169723
4/11/24,112.68,0.00159967
4/10/24,110.14,0.00159209
4/9/24,110.88,0.00158092
4/8/24,109.97,0.00154699
4/7/24,107.07,0.00154241
4/6/24,105.15,0.00154477
4/5/24,104.52,0.00154817
4/4/24,104.32,0.00156023
4/3/24,102.44,0.00155091
4/2/24,103.03,0.00155248
4/1/24,108.69,0.00155899
3/31/24,109.57,0.00155545
3/30/24,109.4,0.00156275
3/29/24,109.51,0.00156352
3/28/24,109.64,0.00155728
3/27/24,108.1,0.00154966
3/26/24,109.4,0.00155523
3/25/24,104.65,0.00153119
3/24/24,99.75,0.00152962
3/23/24,100.01,0.00154904
3/22/24,101.85,0.00157569
3/21/24,103.91,0.00155944
3/20/24,99.03,0.00155119
3/19/24,101.52,0.0015781
3/18/24,104.69,0.00154584
3/17/24,103.6,0.00154606
3/16/24,107.1,0.00157016
3/15/24,107.09,0.00156227
3/14/24,113.61,0.00157377
3/13/24,119.74,0.00164607
3/12/24,118.64,0.00165557
3/11/24,116.45,0.00164035
3/10/24,114.56,0.00165066
3/9/24,113.27,0.00165575
3/8/24,112.64,0.00166179
3/7/24,111.92,0.00167458
3/6/24,113.22,0.00171898
3/5/24,116.21,0.00175453
3/4/24,110.65,0.00169194
3/3/24,103.35,0.00166096
3/2/24,104.16,0.00167912
3/1/24,105.08,0.00169786
2/29/24,103.34,0.00166425
2/28/24,96.53,0.00162841
2/27/24,91.08,0.00161175
2/26/24,82.64,0.00157922
2/25/24,81.6,0.00158034
2/24/24,81.19,0.00158746
2/23/24,81.09,0.0015875
2/22/24,82.15,0.00159324
2/21/24,82.03,0.00159356
2/20/24,82.68,0.00159356
2/19/24,82.82,0.00158873
2/18/24,82.07,0.00158585
2/17/24,82.31,0.00159401
2/16/24,83.15,0.00159744
2/15/24,88.29,0.00169439
2/14/24,89.77,0.00176473
2/13/24,88.53,0.00178351
2/12/24,84.52,0.00173207
2/11/24,83.42,0.00173228
2/10/24,82.54,0.00174226
2/9/24,82.41,0.00176196
2/8/24,80.09,0.0017854
2/7/24,76.16,0.00176054
2/6/24,75.68,0.00176308
2/5/24,77.05,0.00180225
2/4/24,83.58,0.0019494
2/3/24,78.45,0.00182058
2/2/24,79.51,0.00184696
2/1/24,80.4,0.00189478
1/31/24,81.22,0.00189302
1/30/24,82.04,0.00188978
1/29/24,80.09,0.00188587
1/28/24,79.71,0.00188683
1/27/24,79.08,0.00189082
1/26/24,77.15,0.00188521
1/25/24,75.61,0.00189319
1/24/24,77.35,0.0019385
1/23/24,75.88,0.00192592
1/22/24,78.68,0.00193295
1/21/24,80.47,0.00193091
1/20/24,79.24,0.00190499
1/19/24,78.84,0.00191097
1/18/24,82.97,0.00196553
1/17/24,84.72,0.00198404
1/16/24,84.76,0.00197498
1/15/24,90.33,0.00212117
1/14/24,88.99,0.00208183
1/13/24,80.66,0.00188214
1/12/24,85.95,0.0019068
1/11/24,87.05,0.00186901
1/10/24,87.11,0.00190097
1/9/24,92.37,0.00197993
1/8/24,86.06,0.001917
1/7/24,83.15,0.00188577
1/6/24,84.55,0.00192809
1/5/24,85.82,0.00195988
1/4/24,86.34,0.00198474
1/3/24,88.74,0.0020194
1/2/24,93.54,0.00206639
1/1/24,98.96,0.00231283
12/31/23,97.87,0.0023065
12/30/23,92.89,0.00220638
12/29/23,92.12,0.00217136
12/28/23,102.56,0.00238887
12/27/23,92.11,0.00214966
12/26/23,88.56,0.00207365
12/25/23,88.67,0.0020461
12/24/23,90.83,0.00208118
12/23/23,95.03,0.00217435
12/22/23,114.01,0.00260182
12/21/23,118.22,0.00270364
12/20/23,115.13,0.00266619
12/19/23,112.94,0.00264543
12/18/23,112.49,0.00271924
12/17/23,130.97,0.00312525
12/16/23,111.02,0.0026267
12/15/23,111.41,0.00262328
12/14/23,105.61,0.00246428
12/13/23,89.77,0.00215621
12/12/23,87.86,0.00211543
12/11/23,88.44,0.00210954
12/10/23,93.68,0.00213775
12/9/23,93.49,0.00212302
12/8/23,98.81,0.00226286
12/7/23,103.47,0.00237488
12/6/23,108.41,0.00247083
12/5/23,95.37,0.0022483
12/4/23,87.11,0.00210227
12/3/23,81.52,0.00206052
12/2/23,77.28,0.00198598
12/1/23,78.1,0.00203284
11/30/23,75.43,0.00199628
11/29/23,75.6,0.00199163
11/28/23,76.16,0.00203395
11/27/23,75.52,0.00203226
11/26/23,75.77,0.00201453
11/25/23,80.26,0.00212454
11/24/23,84.44,0.00224299
11/23/23,88.18,0.00236265
11/22/23,83.49,0.00227695
11/21/23,85.62,0.00230502
11/20/23,85.39,0.00228879
11/19/23,88.62,0.00241767
11/18/23,91.31,0.00250111
11/17/23,92.99,0.00255697
11/16/23,90.03,0.00243881
11/15/23,79.17,0.00218222
11/14/23,79.18,0.00218543
11/13/23,81.21,0.00220194
11/12/23,82.27,0.00221827
11/11/23,84.73,0.00228444
11/10/23,91.72,0.00248266
11/9/23,87.64,0.00239387
11/8/23,79.66,0.00224994
11/7/23,77.14,0.00220506
11/6/23,75.68,0.0021614
11/5/23,76,0.00216727
11/4/23,74.31,0.00213623
11/3/23,71.42,0.0020679
11/2/23,72.6,0.0020645
11/1/23,71.12,0.00205544
10/31/23,70.52,0.00204997
10/30/23,70.71,0.00205245
10/29/23,71.93,0.00209647
10/28/23,71.82,0.00210665
10/27/23,72.1,0.00212249
10/26/23,73.37,0.00213637
10/25/23,74.19,0.00216046
10/24/23,72.27,0.00211994
10/23/23,64.56,0.00208825
10/22/23,62.56,0.00209044
10/21/23,62.66,0.00210237
10/20/23,62.11,0.00210926
10/19/23,59.85,0.0021007
10/18/23,59.73,0.00210233
10/17/23,59.81,0.00210582
10/16/23,60.2,0.00215688
10/15/23,59.79,0.00221914
10/14/23,60.18,0.00223843
10/13/23,60.31,0.0022495
10/12/23,60.1,0.00224616
10/11/23,60.32,0.0022331
10/10/23,61.52,0.00223487
10/9/23,61.8,0.00223276
10/8/23,62.55,0.00223923
10/7/23,64.14,0.00229529
10/6/23,63,0.00227311
10/5/23,62.59,0.00226453
10/4/23,62.27,0.0022628
10/3/23,62.01,0.00225619
10/2/23,63.18,0.00225197
10/1/23,61.21,0.00225249
9/30/23,61.11,0.00226566
9/29/23,61.21,0.00227067
9/28/23,60.65,0.00227396
9/27/23,59.7,0.002269
9/26/23,59.73,0.0022767
9/25/23,59.84,0.00228463
9/24/23,61.22,0.00230511
9/23/23,61.76,0.00232376
9/22/23,61.71,0.00231927
9/21/23,62.14,0.00232067
9/20/23,62.87,0.00231806
9/19/23,63.97,0.00236522
9/18/23,64.79,0.00241175
9/17/23,63.37,0.00238835
9/16/23,63.37,0.0023856
9/15/23,63.31,0.0023885
9/14/23,63.37,0.00239639
9/13/23,62.75,0.00240519
9/12/23,62.05,0.00239811
9/11/23,61.94,0.00242953
9/10/23,62.16,0.00240799
9/9/23,62.59,0.00241943
9/8/23,62.57,0.00240495
9/7/23,62.15,0.0024063
9/6/23,61.54,0.00239295
9/5/23,59.72,0.00232132
9/4/23,59.8,0.00230942
9/3/23,59.87,0.00231054
9/2/23,59.9,0.00231985
9/1/23,60.19,0.00232462
8/31/23,62.4,0.00232229
8/30/23,63.26,0.00231229
8/29/23,61.65,0.00230838
8/28/23,59.98,0.00230464
8/27/23,60.02,0.00230312
8/26/23,60.08,0.00230794
8/25/23,60.06,0.0023062
8/24/23,60.69,0.00230899
8/23/23,60.4,0.00230807
8/22/23,62.43,0.00240306
8/21/23,63.51,0.00243652
8/20/23,63.66,0.0024369
8/19/23,63.91,0.00245802
8/18/23,64.51,0.00245302
8/17/23,68.81,0.00244236
8/16/23,71.11,0.00244383
8/15/23,71.51,0.00243953
8/14/23,71.63,0.00243823
8/13/23,71.74,0.00244194
8/12/23,72.12,0.00245286
8/11/23,72.45,0.00246551
8/10/23,72.77,0.00246781
8/9/23,73.66,0.00247914
8/8/23,72.9,0.00247564
8/7/23,71.09,0.0024474
8/6/23,71.06,0.00244717
8/5/23,71.64,0.00246763
8/4/23,71.97,0.00246935
8/3/23,71.64,0.00245608
8/2/23,72.18,0.00245281
8/1/23,71.14,0.00245217
7/31/23,71.61,0.00244174
7/30/23,71.72,0.00244767
7/29/23,72,0.00245494
7/28/23,71.96,0.00245889
7/27/23,72.12,0.00245712
7/26/23,70.75,0.00241599
7/25/23,69.57,0.00238435
7/24/23,70.65,0.00239726
7/23/23,73.01,0.00243818
7/22/23,72.25,0.00241765
7/21/23,71.78,0.0024041
7/20/23,71.54,0.00238533
7/19/23,71.29,0.0023777
7/18/23,71.16,0.00237615
7/17/23,71.62,0.00237286
7/16/23,71.89,0.00237243
7/15/23,72.38,0.00238717
7/14/23,74.3,0.00239641
7/13/23,73.21,0.00238394
7/12/23,73.3,0.00239834
7/11/23,77.04,0.00252678
7/10/23,76.18,0.00251793
7/9/23,76.03,0.00251464
7/8/23,76.03,0.0025182
7/7/23,76.4,0.0025318
7/6/23,77.46,0.00253887
7/5/23,77.67,0.00253928
7/4/23,79.19,0.00255583
7/3/23,78.36,0.00254214
7/2/23,77.78,0.00254759
7/1/23,78.35,0.00256881
6/30/23,78.58,0.00257133
6/29/23,78.79,0.00259145
6/28/23,75.69,0.00249849
6/27/23,75.94,0.00248814
6/26/23,75,0.00247711
6/25/23,76.02,0.00248319
6/24/23,76.89,0.00251106
6/23/23,76.36,0.00251636
6/22/23,76.52,0.0025424
6/21/23,73.83,0.00251941
6/20/23,67.84,0.00249336
6/19/23,65.7,0.0024779
6/18/23,66.12,0.00249362
6/17/23,66.96,0.00252914
6/16/23,64.57,0.00250592
6/15/23,63.12,0.00251402
6/14/23,65.46,0.00253422
6/13/23,66.6,0.00256153
6/12/23,65.93,0.00254725
6/11/23,65.87,0.00254789
6/10/23,67.76,0.00262208
6/9/23,69.4,0.00261685
6/8/23,70.79,0.00267229
6/7/23,73.14,0.00273176
6/6/23,69.02,0.00264193
6/5/23,67.84,0.00256564
6/4/23,69.96,0.00257487
6/3/23,70.84,0.00260807
6/2/23,71.65,0.00264671
6/1/23,71.51,0.00265743
5/31/23,74.02,0.00271985
5/30/23,76,0.00273417
5/29/23,75.34,0.00270276
5/28/23,73.71,0.00269722
5/27/23,73.58,0.00275257
5/26/23,74.46,0.00280126
5/25/23,72.4,0.0027522
5/24/23,72.65,0.00272903
5/23/23,74.22,0.00272465
5/22/23,73.18,0.00272887
5/21/23,74.29,0.00275282
5/20/23,76.3,0.00283264
5/19/23,77.3,0.00287666
5/18/23,76.52,0.00281806
5/17/23,77.79,0.00288007
5/16/23,78.82,0.00291163
5/15/23,77.17,0.00282313
5/14/23,77.82,0.0028955
5/13/23,81.52,0.00303818
5/12/23,83.53,0.0031506
5/11/23,87.57,0.00320797
5/10/23,102.26,0.00368455
5/9/23,115.98,0.00418412
5/8/23,121.64,0.00433223
5/7/23,95.51,0.00329392
5/6/23,91.37,0.003131
5/5/23,88.33,0.0030143
5/4/23,83.88,0.00289181
5/3/23,84.98,0.00297387
5/2/23,79.47,0.00280928
5/1/23,77.4,0.00272156
4/30/23,79.53,0.00270923
4/29/23,79.57,0.00271436
4/28/23,79.53,0.0027099
4/27/23,78.73,0.00269979
4/26/23,76.96,0.00266845
4/25/23,73.16,0.00265686
4/24/23,72.23,0.00262638
4/23/23,72.33,0.00262209
4/22/23,72.34,0.00263709
4/21/23,74.17,0.00265328
4/20/23,76.31,0.0026613
4/19/23,79.31,0.00268124
4/18/23,80.3,0.00268008
4/17/23,79.56,0.00267744
4/16/23,81.33,0.00268157
4/15/23,81.95,0.00269616
4/14/23,82.62,0.00269902
4/13/23,81.57,0.00269744
4/12/23,81.06,0.00270009
4/11/23,81.53,0.00270629
4/10/23,76.82,0.00268395
4/9/23,75.08,0.0026786
4/8/23,75.53,0.00269663
4/7/23,75.77,0.0027108
4/6/23,77.2,0.00275505
4/5/23,78.76,0.00277708
4/4/23,78.04,0.00277888
4/3/23,77.2,0.00275769
4/2/23,78.13,0.00276146
4/1/23,79.56,0.00279517
3/31/23,77.85,0.00275939
3/30/23,78.44,0.00276317
3/29/23,77.8,0.002769
3/28/23,74.73,0.00276334
3/27/23,75.76,0.00274862
3/26/23,76.54,0.00275831
3/25/23,76.86,0.00279276
3/24/23,78.09,0.00278983
3/23/23,82.85,0.00297669
3/22/23,83.73,0.00297995
3/21/23,83.45,0.00297861
3/20/23,83.11,0.00297523
3/19/23,81.76,0.00297308
3/18/23,82.49,0.00300992
3/17/23,79.28,0.00300906
3/16/23,74,0.00299401
3/15/23,74.21,0.00300546
3/14/23,74.15,0.00297919
3/13/23,68.25,0.00295613
3/12/23,61.47,0.00295265
3/11/23,61.01,0.00299312
3/10/23,61.43,0.00307567
3/9/23,65.18,0.0030444
3/8/23,66.05,0.00299529
3/7/23,67.03,0.00300192
3/6/23,66.83,0.00298132
3/5/23,66.69,0.00297431
3/4/23,66.81,0.00299155
3/3/23,67.34,0.00300377
3/2/23,69.98,0.00298676
3/1/23,70.91,0.00300493
2/28/23,70.16,0.00300156
2/27/23,69.65,0.00297007
2/26/23,69.24,0.00297642
2/25/23,69.34,0.00300813
2/24/23,77.35,0.00327317
2/23/23,78.93,0.00327093
2/22/23,78.56,0.00327086
2/21/23,80.74,0.00326965
2/20/23,80.54,0.00326561
2/19/23,80.45,0.00326417
2/18/23,80.77,0.00328113
2/17/23,79.27,0.0033006
2/16/23,81.34,0.00330468
2/15/23,75.27,0.00331531
2/14/23,72.12,0.00329157
2/13/23,71.11,0.00327776
2/12/23,71.57,0.0032735
2/11/23,71.36,0.00328789
2/10/23,71.15,0.00326743
2/9/23,73.55,0.00326388
2/8/23,75.44,0.00326614
2/7/23,75.18,0.00327064
2/6/23,74.53,0.0032533
2/5/23,75.35,0.00324763
2/4/23,77,0.00329192
2/3/23,76.86,0.00327376
2/2/23,77.92,0.00327148
2/1/23,75.93,0.00327726
1/31/23,74.71,0.00325338
1/30/23,75.08,0.00322556
1/29/23,76.48,0.00326318
1/28/23,78.16,0.0033946
1/27/23,77.91,0.00338736
1/26/23,78.04,0.00338282
1/25/23,77.17,0.00339854
1/24/23,78.11,0.00340133
1/23/23,77.51,0.00339476
1/22/23,77.46,0.00339651
1/21/23,78.36,0.0034242
1/20/23,72.66,0.00341015
1/19/23,70.98,0.00340435
1/18/23,71.77,0.00339826
1/17/23,71.75,0.00338515
1/16/23,70.96,0.00337261
1/15/23,76.51,0.00368227
1/14/23,78,0.00374673
1/13/23,71.6,0.00375379
1/12/23,68.7,0.00374545
1/11/23,65.08,0.00372827
1/10/23,64.47,0.00372954
1/9/23,64.12,0.00372036
1/8/23,62.98,0.00371737
1/7/23,63.01,0.00372148
1/6/23,62.92,0.00374006
1/5/23,63.02,0.00374544
1/4/23,62.96,0.00374257
1/3/23,61.77,0.00370256
1/2/23,59.77,0.00358256
1/1/23,59.42,0.00359092
12/31/22,59.84,0.00361385
12/30/22,60.16,0.00363701
12/29/22,60.27,0.00363423
12/28/22,60.62,0.00364531
12/27/22,61.26,0.00364683
12/26/22,60.93,0.00361671
12/25/22,61.18,0.00363815
12/24/22,61.31,0.00364296
12/23/22,60.97,0.00362365
12/22/22,60.79,0.00362311
12/21/22,61.05,0.00362801
12/20/22,60.96,0.0036306
12/19/22,61.46,0.00368455
12/18/22,62.45,0.0037314
12/17/22,62.73,0.00375597
12/16/22,63.93,0.00373957
12/15/22,65.95,0.00375099
12/14/22,66.44,0.0037178
12/13/22,65.1,0.00372655
12/12/22,63.05,0.00370878
12/11/22,63.65,0.00370985
12/10/22,63.9,0.00372417
12/9/22,64.01,0.00372445
12/8/22,63.09,0.00372564
12/7/22,63.42,0.0037568
12/6/22,63.45,0.00373275
12/5/22,59.67,0.00347474
12/4/22,59.27,0.00348271
12/3/22,59.81,0.00352381
12/2/22,59.7,0.00351899
12/1/22,59.84,0.00350813
11/30/22,59.05,0.0034938
11/29/22,57.38,0.00349714
11/28/22,56.4,0.0034805
11/27/22,57.82,0.00349721
11/26/22,58.41,0.00352886
11/25/22,57.87,0.00351054
11/24/22,58.45,0.00352281
11/23/22,57.88,0.00351733
11/22/22,55.92,0.00351039
11/21/22,55.86,0.00348737
11/20/22,57.91,0.00349514
11/19/22,59.25,0.00356354
11/18/22,59.83,0.00357743
11/17/22,58.92,0.00355023
11/16/22,59.2,0.00354871
11/15/22,59.53,0.00354074
11/14/22,57.5,0.00349791
11/13/22,57.87,0.00348148
11/12/22,58.57,0.00348291
11/11/22,60,0.00351533
11/10/22,59.45,0.00351484
11/9/22,61.22,0.00349843
11/8/22,68.3,0.0034919
11/7/22,72.12,0.00347213
11/6/22,73.54,0.0034661
11/5/22,74.43,0.00348817
11/4/22,72.08,0.003481
11/3/22,70.6,0.0034856
11/2/22,70.85,0.00347149
11/1/22,71.04,0.00346497
10/31/22,71.04,0.00346369
10/30/22,71.87,0.00346793
10/29/22,72.21,0.00347397
10/28/22,70.96,0.00347991
10/27/22,71.89,0.0034853
10/26/22,71.94,0.0035015
10/25/22,67.89,0.00346392
10/24/22,66.79,0.00345083
10/23/22,68.61,0.00356092
10/22/22,68.49,0.00357139
10/21/22,68.19,0.00357644
10/20/22,68.56,0.00358556
10/19/22,69.11,0.00359692
10/18/22,69.9,0.0035891
10/17/22,69.24,0.00356929
10/16/22,68.25,0.00356058
10/15/22,68.48,0.00357725
10/14/22,69.99,0.00358632
10/13/22,68.12,0.00357964
10/12/22,68.15,0.00356484
10/11/22,67.87,0.00355971
10/10/22,72.99,0.00377559
10/9/22,78.39,0.00403139
10/8/22,78.75,0.00403987
10/7/22,80.09,0.00405148
10/6/22,81.6,0.00404922
10/5/22,81.37,0.00404302
10/4/22,80.82,0.00405279
10/3/22,78.22,0.00404932
10/2/22,77.83,0.00404733
10/1/22,78.56,0.0040647
9/30/22,79.55,0.00407419
9/29/22,78.92,0.00406889
9/28/22,77.81,0.00406912
9/27/22,78.85,0.00399526
9/26/22,75.62,0.00397654
9/25/22,75.28,0.00396595
9/24/22,76.07,0.00398731
9/23/22,76.09,0.00399291
9/22/22,75.66,0.00398638
9/21/22,75.74,0.00398487
9/20/22,76.43,0.00398478
9/19/22,75.59,0.00397682
9/18/22,78.95,0.00397556
9/17/22,79.92,0.0040064
9/16/22,78.82,0.00400004
9/15/22,79.94,0.00399966
9/14/22,81.02,0.00400623
9/13/22,88.14,0.00409206
9/12/22,90.85,0.00410516
9/11/22,88.63,0.0041013
9/10/22,88.11,0.00411901
9/9/22,85.76,0.00413622
9/8/22,79.56,0.00413116
9/7/22,78.05,0.00412847
9/6/22,80.76,0.00412025
9/5/22,81.29,0.00410758
9/4/22,81.22,0.00410128
9/3/22,82.37,0.00415151
9/2/22,83.04,0.00413347
9/1/22,82.39,0.00412585
8/31/22,85.15,0.0042145
8/30/22,90.36,0.00448691
8/29/22,89.42,0.00447606
8/28/22,89.31,0.004467
8/27/22,90.27,0.00448625
8/26/22,94.78,0.00447864
8/25/22,96.82,0.00448244
8/24/22,96.22,0.00448136
8/23/22,95.98,0.00448656
8/22/22,95.18,0.00447566
8/21/22,95.65,0.00447553
8/20/22,94.94,0.00448405
8/19/22,98.19,0.00449619
8/18/22,106.02,0.0045276
8/17/22,107.39,0.0045312
8/16/22,108.32,0.00451858
8/15/22,109.31,0.00450441
8/14/22,110.74,0.004518
8/13/22,111.25,0.0045339
8/12/22,109.14,0.0045495
8/11/22,111.05,0.00455573
8/10/22,107.01,0.00457094
8/9/22,106.78,0.00455577
8/8/22,107.58,0.00452116
8/7/22,104.16,0.00451297
8/6/22,105.49,0.00454904
8/5/22,104.93,0.00454802
8/4/22,104.92,0.00459125
8/3/22,107.01,0.00461707
8/2/22,105.81,0.00460622
8/1/22,106.94,0.00460431
7/31/22,109.25,0.00460352
7/30/22,110.87,0.00461288
7/29/22,110.35,0.00461955
7/28/22,107.44,0.00460801
7/27/22,99.62,0.00459975
7/26/22,96.81,0.00460305
7/25/22,100.82,0.00459349
7/24/22,104.07,0.00459493
7/23/22,104.42,0.00463804
7/22/22,107.9,0.00466245
7/21/22,103.38,0.00450703
7/20/22,104.63,0.00443928
7/19/22,100.15,0.0044457
7/18/22,96.22,0.00440785
7/17/22,93.34,0.00439948
7/16/22,92.24,0.00442027
7/15/22,92.69,0.00446024
7/14/22,90.31,0.00447687
7/13/22,86.37,0.00440612
7/12/22,86.86,0.00439853
7/11/22,89.64,0.00438042
7/10/22,92.5,0.00437757
7/9/22,95.41,0.00441445
7/8/22,96.16,0.00442023
7/7/22,92.05,0.00443021
7/6/22,88.14,0.00436918
7/5/22,86.64,0.00433464
7/4/22,83.87,0.0042998
7/3/22,82.45,0.00430536
7/2/22,83.42,0.00434085
7/1/22,84.5,0.00432811
6/30/22,83.38,0.00431297
6/29/22,86.89,0.00431651
6/28/22,89.34,0.00431783
6/27/22,90.79,0.00431466
6/26/22,92.25,0.00431875
6/25/22,91.86,0.00432099
6/24/22,91.17,0.00432349
6/23/22,88.91,0.00433217
6/22/22,86.31,0.00425229
6/21/22,88.72,0.00422572
6/20/22,85.58,0.00421729
6/19/22,81.47,0.00422591
6/18/22,82.42,0.00426494
6/17/22,88.54,0.00428139
6/16/22,91.33,0.00426436
6/15/22,91.1,0.00426827
6/14/22,94.89,0.00428042
6/13/22,102.44,0.00423239
6/12/22,115.97,0.00420107
6/11/22,121.49,0.00421239
6/10/22,124.42,0.00419931
6/9/22,126.84,0.00419558
6/8/22,128.55,0.00422246
6/7/22,127.63,0.00425443
6/6/22,132.88,0.0042544
6/5/22,126.81,0.00425582
6/4/22,127.17,0.0042848
6/3/22,128.82,0.00429923
6/2/22,129.32,0.00430674
6/1/22,132.9,0.00428001
5/31/22,135.15,0.0042641
5/30/22,130.24,0.00425662
5/29/22,123.87,0.00425395
5/28/22,123.4,0.00427481
5/27/22,123.85,0.00429085
5/26/22,126.14,0.00428741
5/25/22,124.48,0.00418713
5/24/22,119.85,0.004092
5/23/22,122.86,0.00408667
5/22/22,121.3,0.00407529
5/21/22,120.16,0.00410025
5/20/22,122.37,0.00410985
5/19/22,121.3,0.00410793
5/18/22,121.39,0.0041052
5/17/22,124.22,0.00410611
5/16/22,122.86,0.00410278
5/15/22,124.15,0.00412626
5/14/22,121.86,0.00415176
5/13/22,125.34,0.00416132
5/12/22,117.53,0.00414686
5/11/22,125.13,0.00409664
5/10/22,134.91,0.00430678
5/9/22,139.85,0.00428312
5/8/22,147.82,0.00427987
5/7/22,153.84,0.00429135
5/6/22,155.65,0.00430683
5/5/22,165.38,0.00430578
5/4/22,165.49,0.00426421
5/3/22,163.21,0.00426786
5/2/22,164.51,0.0042541
5/1/22,162.06,0.00425756
4/30/22,164.77,0.00427987
4/29/22,167.12,0.00427611
4/28/22,169.12,0.00426894
4/27/22,171.63,0.00442226
4/26/22,178.78,0.00450701
4/25/22,176.44,0.00449697
4/24/22,177.85,0.00448679
4/23/22,178.58,0.00450057
4/22/22,180.85,0.00450572
4/21/22,187.38,0.00449354
4/20/22,186.63,0.00450074
4/19/22,184.94,0.00450455
4/18/22,177.93,0.00448531
4/17/22,180.63,0.00448117
4/16/22,181.49,0.00449285
4/15/22,181.21,0.00450432
4/14/22,182.82,0.00449257
4/13/22,180.13,0.00445067
4/12/22,177.76,0.00445081
4/11/22,182.93,0.00443857
4/10/22,189.47,0.0044314
4/9/22,189.01,0.00445127
4/8/22,192.84,0.00445375
4/7/22,193.19,0.00444571
4/6/22,198.58,0.00445086
4/5/22,206.17,0.00444888
4/4/22,205.03,0.00445223
4/3/22,206.45,0.00445559
4/2/22,208.66,0.00449129
4/1/22,204.52,0.00449042
3/31/22,209.96,0.00449823
3/30/22,218.82,0.00463131
3/29/22,220.11,0.00462746
3/28/22,218.92,0.00462621
3/27/22,207.64,0.00461803
3/26/22,205.52,0.00462789
3/25/22,205.63,0.00464238
3/24/22,200.81,0.00463204
3/23/22,196.05,0.00463908
3/22/22,196.46,0.00462633
3/21/22,189.73,0.00461511
3/20/22,192.06,0.00461185
3/19/22,193.82,0.0046293
3/18/22,189.65,0.00462897
3/17/22,188.92,0.00461779
3/16/22,185.62,0.00461276
3/15/22,180.18,0.0046182
3/14/22,178.23,0.00460141
3/13/22,178.85,0.00459748
3/12/22,180.43,0.0046135
3/11/22,179.93,0.0046175
3/10/22,183.34,0.00462617
3/9/22,191.65,0.00461286
3/8/22,178.56,0.00462119
3/7/22,176.59,0.00461566
3/6/22,180.52,0.00462602
3/5/22,181.75,0.00464102
3/4/22,190.66,0.00465667
3/3/22,199.81,0.00463432
3/2/22,204.25,0.00463515
3/1/22,198.58,0.00454893
2/28/22,178.62,0.00453226
2/27/22,175.54,0.0045343
2/26/22,178.4,0.00454767
2/25/22,176.92,0.0045558
2/24/22,164.14,0.00454218
2/23/22,173.3,0.00453374
2/22/22,170.13,0.00454676
2/21/22,174.5,0.00453239
2/20/22,175.43,0.00452613
2/19/22,181.87,0.00453787
2/18/22,183.74,0.00454631
2/17/22,198.09,0.00464171
2/16/22,209.67,0.00476415
2/15/22,209.19,0.00476511
2/14/22,200.87,0.00475477
2/13/22,201.34,0.00475432
2/12/22,202.32,0.00477803
2/11/22,207.65,0.00480799
2/10/22,212.7,0.00479561
2/9/22,210.46,0.00478813
2/8/22,210.11,0.0047881
2/7/22,205.7,0.00476939
2/6/22,198.72,0.00477499
2/5/22,199.65,0.00480609
2/4/22,184.45,0.00476848
2/3/22,175.79,0.00477469
2/2/22,182.28,0.00478979
2/1/22,184.7,0.00478799
1/31/22,179.71,0.00478304
1/30/22,181.13,0.00477126
1/29/22,181.03,0.00478452
1/28/22,177.13,0.00477986
1/27/22,174.17,0.00478957
1/26/22,179.19,0.00477653
1/25/22,174.49,0.00477854
1/24/22,167.26,0.00476425
1/23/22,169.01,0.00476974
1/22/22,170.01,0.00478776
1/21/22,187.13,0.00483719
1/20/22,219.52,0.00520065
1/19/22,218.27,0.00520694
1/18/22,218.55,0.00521071
1/17/22,221.05,0.0051953
1/16/22,223.9,0.0051935
1/15/22,224.35,0.00519985
1/14/22,222.7,0.005208
1/13/22,226.39,0.00521232
1/12/22,225.74,0.00522517
1/11/22,220.68,0.00522809
1/10/22,216.77,0.00520908
1/9/22,218.37,0.00521082
1/8/22,218.4,0.00523629
1/7/22,220.9,0.00526031
1/6/22,227.32,0.0052753
1/5/22,241.33,0.00525793
1/4/22,243.99,0.00525521
1/3/22,245.16,0.0052362
1/2/22,246.82,0.00522386
1/1/22,246.99,0.00524158
12/31/21,250.86,0.00530478
12/30/21,248.77,0.00528162
12/29/21,251.26,0.00528037
12/28/21,257.75,0.00527456
12/27/21,267.37,0.00523408
12/26/21,262.09,0.00522391
12/25/21,266.68,0.00524368
12/24/21,268.73,0.00526298
12/23/21,258.01,0.00525501
12/22/21,257.51,0.00525632
12/21/21,254.81,0.00526231
12/20/21,243.58,0.00524587
12/19/21,247.26,0.0052387
12/18/21,245.73,0.00526934
12/17/21,248.02,0.00526856
12/16/21,255.72,0.00526274
12/15/21,253.5,0.00526676
12/14/21,248.84,0.0052714
12/13/21,252.88,0.00524583
12/12/21,259.71,0.0052371
12/11/21,263.46,0.00543534
12/10/21,274.63,0.00569147
12/9/21,279.58,0.00569674
12/8/21,285.9,0.00568131
12/7/21,290.67,0.00569719
12/6/21,278.82,0.0057076
12/5/21,282.8,0.00575504
12/4/21,280.25,0.00571443
12/3/21,319.24,0.00571325
12/2/21,326.38,0.00575531
12/1/21,329.51,0.0057397
11/30/21,327.1,0.0057022
11/29/21,327.37,0.00568264
11/28/21,308.34,0.00564455
11/27/21,307.24,0.0056182
11/26/21,314.69,0.00565096
11/25/21,328.42,0.00563564
11/24/21,319.15,0.00562234
11/23/21,320.19,0.0056253
11/22/21,321.97,0.00561167
11/21/21,332.34,0.00561685
11/20/21,330.61,0.00563104
11/19/21,321.57,0.00561884
11/18/21,331.75,0.00562062
11/17/21,336.84,0.00562407
11/16/21,341.88,0.00562185
11/15/21,364.93,0.00560541
11/14/21,364.7,0.00565574
11/13/21,377.13,0.00588838
11/12/21,378.71,0.00590056
11/11/21,383.53,0.00590695
11/10/21,396.17,0.00592474
11/9/21,401.44,0.00594425
11/8/21,386.79,0.00587806
11/7/21,364.42,0.00586501
11/6/21,359.28,0.00589085
11/5/21,363.62,0.00590955
11/4/21,365.26,0.00590507
11/3/21,371.04,0.00590311
11/2/21,369.2,0.00590256
11/1/21,360.39,0.00588003
10/31/21,381.93,0.00624934
10/30/21,390.81,0.00634216
10/29/21,391.02,0.00634948
10/28/21,381.75,0.00633595
10/27/21,378.07,0.00635295
10/26/21,395.35,0.00634528
10/25/21,396.12,0.00632663
10/24/21,384.31,0.00633032
10/23/21,387.88,0.00634945
10/22/21,396.6,0.00637826
10/21/21,411.94,0.00640386
10/20/21,412.85,0.00635474
10/19/21,399.73,0.00637174
10/18/21,395.4,0.00639892
10/17/21,389.9,0.00640833
10/16/21,396.17,0.00646544
10/15/21,386.1,0.0064472
10/14/21,370.44,0.00642609
10/13/21,361.31,0.00644649
10/12/21,366.07,0.00646435
10/11/21,364.36,0.00642469
10/10/21,353.46,0.00640729
10/9/21,353.46,0.00645689
10/8/21,354.09,0.00650176
10/7/21,353.36,0.00650012
10/6/21,340.11,0.00642588
10/5/21,320.78,0.00640556
10/4/21,322.62,0.00669889
10/3/21,320.89,0.00668181
10/2/21,320.87,0.00670679
10/1/21,309.19,0.00671174
9/30/21,290.5,0.00671488
9/29/21,280.89,0.00671615
9/28/21,281.21,0.00670601
9/27/21,291.18,0.00669023
9/26/21,286.07,0.00668375
9/25/21,285.42,0.00670111
9/24/21,289.95,0.00672217
9/23/21,296.12,0.00671495
9/22/21,287.03,0.00674286
9/21/21,290.93,0.00685355
9/20/21,307.92,0.00690016
9/19/21,329.01,0.00689311
9/18/21,333.79,0.00691985
9/17/21,330.86,0.00695375
9/16/21,333.55,0.0069635
9/15/21,330.65,0.00694807
9/14/21,318.69,0.00692039
9/13/21,309.5,0.00690803
9/12/21,314.68,0.00689527
9/11/21,314.48,0.00693143
9/10/21,318.54,0.00693677
9/9/21,322,0.00693665
9/8/21,322.71,0.00697034
9/7/21,362.74,0.0072592
9/6/21,374.54,0.00723221
9/5/21,363.16,0.0072118
9/4/21,363.21,0.00725348
9/3/21,363.68,0.00728715
9/2/21,361.83,0.00728529
9/1/21,346.61,0.00726836
8/31/21,342.61,0.00724222
8/30/21,347.14,0.00721887
8/29/21,350.92,0.00721058
8/28/21,353.61,0.00723118
8/27/21,344.87,0.00722387
8/26/21,342.27,0.00722824
8/25/21,377.71,0.00783031
8/24/21,400.1,0.00818033
8/23/21,408.37,0.00818547
8/22/21,399.3,0.00816533
8/21/21,401.82,0.00819183
8/20/21,391.47,0.00819417
8/19/21,371.2,0.00820963
8/18/21,370.87,0.00821544
8/17/21,377.44,0.00821097
8/16/21,383.61,0.00817559
8/15/21,378.82,0.00815642
8/14/21,387.59,0.00822495
8/13/21,387.55,0.00839052
8/12/21,395.42,0.00880072
8/11/21,405.02,0.0087881
8/10/21,401.18,0.00879775
8/9/21,393.82,0.0087706
8/8/21,388.38,0.00875733
8/7/21,382.67,0.00878435
8/6/21,363.79,0.00879551
8/5/21,347.7,0.00881932
8/4/21,340.53,0.00879656
8/3/21,337.88,0.00878506
8/2/21,347.73,0.00878042
8/1/21,363.53,0.00876309
7/31/21,370.11,0.00888742
7/30/21,369.66,0.00932632
7/29/21,372.35,0.00934091
7/28/21,372.04,0.00933128
7/27/21,352.94,0.00936475
7/26/21,357.21,0.00932351
7/25/21,320.15,0.00931061
7/24/21,316.41,0.00934039
7/23/21,304.53,0.0093736
7/22/21,300.18,0.00934127
7/21/21,292.27,0.00937027
7/20/21,279.9,0.00938115
7/19/21,291.28,0.0093426
7/18/21,296.08,0.00931913
7/17/21,280.94,0.00890194
7/16/21,284.39,0.00895662
7/15/21,287.61,0.00896089
7/14/21,293.51,0.00903507
7/13/21,297.64,0.00906058
7/12/21,303.19,0.00899854
7/11/21,302.39,0.00894665
7/10/21,302.26,0.00896737
7/9/21,300.06,0.00904503
7/8/21,300.49,0.00913316
7/7/21,317.22,0.00917869
7/6/21,316.16,0.00925531
7/5/21,315.84,0.00926247
7/4/21,328.19,0.00930278
7/3/21,306.61,0.00892347
7/2/21,234,0.00702902
7/1/21,237.09,0.00703032
6/30/21,242.58,0.00694529
6/29/21,244.49,0.00687557
6/28/21,233.26,0.00676664
6/27/21,220.42,0.00666867
6/26/21,211.01,0.00670212
6/25/21,225.44,0.00675503
6/24/21,230.74,0.00683631
6/23/21,230.91,0.00684197
6/22/21,215.33,0.00672835
6/21/21,217.56,0.0065658
6/20/21,229.47,0.00654346
6/19/21,235.16,0.00657613
6/18/21,242.02,0.00654106
6/17/21,254.31,0.00658644
6/16/21,261.18,0.00662569
6/15/21,265.64,0.00660511
6/14/21,258.26,0.00650869
6/13/21,227.17,0.0062396
6/12/21,225.48,0.0063114
6/11/21,234.58,0.0063401
6/10/21,233.53,0.00631117
6/9/21,215.77,0.00618642
6/8/21,204.37,0.00621445
6/7/21,220.78,0.00615217
6/6/21,220.96,0.00614377
6/5/21,228.46,0.00624267
6/4/21,233.32,0.00628951
6/3/21,242.66,0.00629727
6/2/21,234.12,0.00628014
6/1/21,229.5,0.00627405
5/31/21,225.91,0.00624721
5/30/21,220.85,0.00622244
5/29/21,192.41,0.00545745
5/28/21,200.97,0.00548979
5/27/21,212.09,0.00546548
5/26/21,219.49,0.00559102
5/25/21,213.46,0.00560502
5/24/21,207.24,0.00559714
5/23/21,196.99,0.00561788
5/22/21,222.22,0.00592583
5/21/21,232.77,0.00595225
5/20/21,234.87,0.00589207
5/19/21,220.61,0.00564625
5/18/21,243.99,0.00552188
5/17/21,240.08,0.00541947
5/16/21,256.17,0.0053683
5/15/21,267.06,0.00546649
5/14/21,271.4,0.00540702
5/13/21,289.89,0.00581074
5/12/21,365.87,0.0065412
5/11/21,371.74,0.00665394
5/10/21,377.28,0.00653331
5/9/21,378.09,0.00651898
5/8/21,388.44,0.00663452
5/7/21,381.53,0.00671381
5/6/21,383.32,0.00672725
5/5/21,371.79,0.00665046
5/4/21,369.44,0.00668011
5/3/21,383.74,0.00662492
5/2/21,376.98,0.00662895
5/1/21,361.6,0.00625539
4/30/21,344.93,0.00623938
4/29/21,336.76,0.00624968
4/28/21,339.74,0.00619985
4/27/21,352.25,0.00645142
4/26/21,328.34,0.00618934
4/25/21,305.59,0.00615414
4/24/21,336.37,0.00671727
4/23/21,353.5,0.00708848
4/22/21,395.62,0.00735241
4/21/21,410.78,0.00740872
4/20/21,402.93,0.00725582
4/19/21,389.1,0.00689964
4/18/21,383.55,0.00684016
4/17/21,405.22,0.00660777
4/16/21,384.56,0.00622725
4/15/21,392.11,0.0062325
4/14/21,392.8,0.00619187
4/13/21,373.78,0.00601169
4/12/21,352.67,0.00586925
4/11/21,351.36,0.00587792
4/10/21,358,0.00598082
4/9/21,356.29,0.00612099
4/8/21,341.8,0.00597782
4/7/21,344.36,0.00604348
4/6/21,353.51,0.00604685
4/5/21,341.38,0.00587599
4/4/21,340.14,0.00589289
4/3/21,353.7,0.0060016
4/2/21,356.88,0.00602132
4/1/21,371.29,0.00630601
3/31/21,374.13,0.00637263
3/30/21,368.26,0.00631115
3/29/21,349.23,0.00613549
3/28/21,340.93,0.00610657
3/27/21,342.31,0.00620339
3/26/21,333.58,0.00626589
3/25/21,327.31,0.00627964
3/24/21,343.1,0.00622271
3/23/21,340.95,0.00623286
3/22/21,350.15,0.00616646
3/21/21,353.57,0.00616884
3/20/21,374.44,0.00637
3/19/21,385.63,0.00661705
3/18/21,392.46,0.00671189
3/17/21,366.66,0.00652867
3/16/21,365.4,0.00660265
3/15/21,369.68,0.00642872
3/14/21,395.06,0.00653374
3/13/21,386.87,0.00658049
3/12/21,376.51,0.00662521
3/11/21,371.62,0.00660301
3/10/21,362.6,0.00654809
3/9/21,351.81,0.00651755
3/8/21,321.04,0.00631964
3/7/21,318.14,0.00633492
3/6/21,313.06,0.00647125
3/5/21,311.94,0.0065373
3/4/21,327.58,0.00663079
3/3/21,330.91,0.00656229
3/2/21,325.12,0.00668685
3/1/21,307.2,0.0064464
2/28/21,286.99,0.00640303
2/27/21,308.57,0.00654683
2/26/21,316.92,0.00679208
2/25/21,336.74,0.00673625
2/24/21,348.43,0.00699616
2/23/21,338.43,0.00691444
2/22/21,358.92,0.00656198
2/21/21,378.19,0.00663132
2/20/21,381.73,0.00678454
2/19/21,363.16,0.00684315
2/18/21,356.22,0.00686408
2/17/21,344.42,0.00676497
2/16/21,326.9,0.00669226
2/15/21,315.42,0.00658979
2/14/21,319.57,0.00657566
2/13/21,330.45,0.0069875
2/12/21,343.88,0.00722332
2/11/21,327.53,0.00707665
2/10/21,321.67,0.00702217
2/9/21,326.46,0.00699331
2/8/21,265.11,0.00643083
2/7/21,249.82,0.00645266
2/6/21,266.24,0.00668752
2/5/21,259.6,0.00689954
2/4/21,264.11,0.00703607
2/3/21,251.35,0.00687255
2/2/21,244.4,0.00703987
2/1/21,229.95,0.00682117
1/31/21,229.92,0.00687206
1/30/21,241.63,0.00709444
1/29/21,240.07,0.00684624
1/28/21,209.71,0.00659754
1/27/21,204.66,0.00657131
1/26/21,211.47,0.00660885
1/25/21,219.12,0.00656844
1/24/21,206.54,0.00640804
1/23/21,219.07,0.0067699
1/22/21,221.2,0.0069439
1/21/21,226.54,0.00687823
1/20/21,237.12,0.00674521
1/19/21,247.34,0.0067105
1/18/21,236.58,0.00656338
1/17/21,237.74,0.00666845
1/16/21,252.19,0.00684416
1/15/21,265.83,0.00709452
1/14/21,268.28,0.00696607
1/13/21,245.41,0.00707996
1/12/21,248.7,0.00713852
1/11/21,231.13,0.00674508
1/10/21,267.81,0.00673785
1/9/21,302.1,0.00747949
1/8/21,304.36,0.00764383
1/7/21,286.54,0.00752645
1/6/21,263.97,0.00756264
1/5/21,242.15,0.00750301
1/4/21,234.03,0.00734551
1/3/21,248.09,0.00740964
1/2/21,220.22,0.00715718
1/1/21,213.02,0.00727346
12/31/20,218.64,0.00757048
12/30/20,207.79,0.00738398
12/29/20,200.86,0.00753124
12/28/20,199.54,0.00739957
12/27/20,198.35,0.00733401
12/26/20,184.44,0.00730016
12/25/20,182.96,0.00761769
12/24/20,177.69,0.00765225
12/23/20,182.46,0.00775365
12/22/20,179.27,0.00776118
12/21/20,175.35,0.00754105
12/20/20,172.71,0.00731907
12/19/20,182.37,0.00780837
12/18/20,186.05,0.00813022
12/17/20,174.04,0.00768922
12/16/20,145.8,0.00726145
12/15/20,139.74,0.00722066
12/14/20,135.25,0.0070577
12/13/20,131.76,0.00689312
12/12/20,130.58,0.00706874
12/11/20,127.28,0.00709552
12/10/20,130.69,0.00714058
12/9/20,130.06,0.00711996
12/8/20,134.41,0.00709541
12/7/20,132.94,0.00692292
12/6/20,134.93,0.00704539
12/5/20,136.95,0.00720773
12/4/20,142.99,0.00747678
12/3/20,145.05,0.00752226
12/2/20,144.84,0.00764198
12/1/20,142.94,0.00742064
11/30/20,131.47,0.00694956
11/29/20,130.13,0.00723485
11/28/20,132.68,0.00766465
11/27/20,133.55,0.00786142
11/26/20,136.91,0.00787298
11/25/20,150.52,0.00789827
11/24/20,145.84,0.00772955
11/23/20,137.27,0.00744033
11/22/20,136.09,0.00738262
11/21/20,141.88,0.00758085
11/20/20,142.15,0.00775305
11/19/20,140.78,0.00788853
11/18/20,140.04,0.0078292
11/17/20,133.11,0.00779167
11/16/20,127.76,0.00780479
11/15/20,126.24,0.00789131
11/14/20,131.58,0.00820737
11/13/20,134.71,0.00826932
11/12/20,132.26,0.00830501
11/11/20,135.18,0.00867011
11/10/20,131.15,0.00855771
11/9/20,128.17,0.00833355
11/8/20,128.43,0.00845018
11/7/20,137.18,0.00893485
11/6/20,150.39,0.00965144
11/5/20,135.69,0.00920828
11/4/20,130.75,0.00940833
11/3/20,129.2,0.00948429
11/2/20,107.08,0.00787569
11/1/20,113.12,0.00821534
10/31/20,120.7,0.00878469
10/30/20,116.58,0.0086761
10/29/20,114.12,0.00856004
10/28/20,111.7,0.0083093
10/27/20,101.75,0.00760716
10/26/20,90.44,0.00691997
10/25/20,89.99,0.00689228
10/24/20,92.77,0.00712071
10/23/20,96.55,0.00746454
10/22/20,95.62,0.00739205
10/21/20,87.28,0.00700298
10/20/20,79.56,0.00671585
10/19/20,76.77,0.00662768
10/18/20,74.73,0.00653715
10/17/20,76.59,0.00675139
10/16/20,79.5,0.00699472
10/15/20,80.81,0.00707932
10/14/20,79.5,0.00696941
10/13/20,80.5,0.00702957
10/12/20,79.53,0.00694791
10/11/20,79.08,0.00696011
10/10/20,81.92,0.00722651
10/9/20,80.62,0.00733965
10/8/20,76.56,0.0071323
10/7/20,78.48,0.00739009
10/6/20,78.83,0.0073677
10/5/20,74.84,0.00699058
10/4/20,73.47,0.00692706
10/3/20,75.95,0.00719833
10/2/20,78.15,0.00742271
10/1/20,77.82,0.00723523
9/30/20,76.42,0.00711411
9/29/20,75.76,0.00706091
9/28/20,74.19,0.00681934
9/27/20,72.5,0.00676354
9/26/20,74.25,0.00692856
9/25/20,75.15,0.00704191
9/24/20,74.79,0.0071613
9/23/20,74.95,0.00718387
9/22/20,73.69,0.00703881
9/21/20,72.73,0.00681168
9/20/20,75.09,0.0068778
9/19/20,85.3,0.00774522
9/18/20,84.01,0.00769023
9/17/20,84.49,0.00775626
9/16/20,85.12,0.00781225
9/15/20,84.2,0.00781487
9/14/20,80.69,0.00767628
9/13/20,78.74,0.00757426
9/12/20,81.29,0.00783721
9/11/20,82.8,0.00803652
9/10/20,83.44,0.00807031
9/9/20,80.02,0.00785572
9/8/20,79.89,0.00787287
9/7/20,79.15,0.0077894
9/6/20,80.4,0.00788148
9/5/20,85.83,0.00835677
9/4/20,87.57,0.0084247
9/3/20,91.5,0.00828869
9/2/20,93.53,0.00807889
9/1/20,95.6,0.0080507
8/31/20,90.14,0.00771477
8/30/20,89.58,0.00771683
8/29/20,89.25,0.00775648
8/28/20,92.48,0.00808263
8/27/20,92.45,0.00814811
8/26/20,91.24,0.0079998
8/25/20,90.16,0.00783406
8/24/20,90.98,0.00775346
8/23/20,92.85,0.00798877
8/22/20,98.43,0.00851521
8/21/20,98.79,0.00841163
8/20/20,100.79,0.00854245
8/19/20,103.02,0.00873263
8/18/20,103.22,0.00848692
8/17/20,96.17,0.00797528
8/16/20,93.69,0.00790476
8/15/20,95.82,0.00806674
8/14/20,96.88,0.00824086
8/13/20,96.03,0.00831379
8/12/20,97.16,0.00847576
8/11/20,100.25,0.00861758
8/10/20,96.83,0.00813772
8/9/20,93.84,0.00803836
8/8/20,97.57,0.00835002
8/7/20,102.42,0.00874054
8/6/20,104.84,0.00891708
8/5/20,97.2,0.00847591
8/4/20,94.2,0.00837718
8/3/20,93.95,0.00834661
8/2/20,96.58,0.00852028
8/1/20,100.94,0.00869486
7/31/20,100.41,0.0089688
7/30/20,99.09,0.00898061
7/29/20,98.62,0.00888842
7/28/20,96.22,0.00875944
7/27/20,83.18,0.00796716
7/26/20,77.75,0.00790614
7/25/20,77.02,0.00800578
7/24/20,79.46,0.00831381
7/23/20,79.88,0.00837205
7/22/20,78.03,0.0083322
7/21/20,75.06,0.00806303
7/20/20,70.62,0.00769397
7/19/20,71.35,0.00779346
7/18/20,73.38,0.00800849
7/17/20,72.62,0.00794984
7/16/20,71.97,0.00788152
7/15/20,71.21,0.00772223
7/14/20,70.83,0.00768248
7/13/20,72.58,0.00782255
7/12/20,76.01,0.00821674
7/11/20,76.69,0.00830064
7/10/20,77.16,0.00838729
7/9/20,78.16,0.00837787
7/8/20,77.82,0.00832731
7/7/20,76.54,0.00825802
7/6/20,75.62,0.00820896
7/5/20,74.27,0.0081931
7/4/20,75.46,0.00830009
7/3/20,76.55,0.00841825
7/2/20,77.08,0.00840888
7/1/20,77.38,0.00841918
6/30/20,75.72,0.00827548
6/29/20,74.55,0.00817809
6/28/20,73.82,0.00815238
6/27/20,74.7,0.00820248
6/26/20,76.17,0.00829678
6/25/20,76.89,0.00832864
6/24/20,78.82,0.0083481
6/23/20,80.25,0.0083258
6/22/20,77.87,0.00821358
6/21/20,76.74,0.00820857
6/20/20,77.42,0.0083234
6/19/20,78.81,0.0084505
6/18/20,78.76,0.0083733
6/17/20,79.61,0.00843116
6/16/20,87.61,0.00922838
6/15/20,86.51,0.00935745
6/14/20,87.71,0.0093255
6/13/20,88.36,0.00937209
6/12/20,88.85,0.00943993
6/11/20,91.77,0.00951586
6/10/20,92.6,0.00946046
6/9/20,92.31,0.00950396
6/8/20,92.15,0.00947626
6/7/20,90.23,0.00937895
6/6/20,91.5,0.00949582
6/5/20,94.21,0.00967076
6/4/20,91.04,0.00938325
6/3/20,88.08,0.00922186
6/2/20,90.51,0.00916252
6/1/20,85.94,0.00896615
5/31/20,84.45,0.00884389
5/30/20,86.59,0.00910874
5/29/20,87.2,0.00922345
5/28/20,84.58,0.00907522
5/27/20,82.24,0.00911121
5/26/20,82.04,0.00925943
5/25/20,81.23,0.00921002
5/24/20,85.01,0.00931643
5/23/20,91.9,0.00998105
5/22/20,94.4,0.01034494
5/21/20,96.72,0.01042223
5/20/20,100.59,0.01040153
5/19/20,93,0.00961628
5/18/20,88.65,0.00912042
5/17/20,85.41,0.00887391
5/16/20,86.4,0.00918817
5/15/20,89.77,0.00942593
5/14/20,87.09,0.00909259
5/13/20,80.03,0.00884684
5/12/20,76.36,0.00870235
5/11/20,127.2,0.01459356
5/10/20,140.86,0.01621197
5/9/20,161.22,0.01657146
5/8/20,163.25,0.01644749
5/7/20,154.36,0.01626388
5/6/20,147.98,0.01615194
5/5/20,144.77,0.01621092
5/4/20,142.4,0.01623251
5/3/20,145.71,0.01622431
5/2/20,146.37,0.01649365
5/1/20,147.75,0.01682139
4/30/20,146.33,0.01645448
4/29/20,132.19,0.01603142
4/28/20,123.68,0.01599978
4/27/20,123.17,0.01596496
4/26/20,121.43,0.01597432
4/25/20,121.25,0.0160723
4/24/20,121.16,0.01610974
4/23/20,117.2,0.01606605
4/22/20,111.61,0.01594297
4/21/20,112.3,0.01635123
4/20/20,121.62,0.01724004
4/19/20,123.65,0.01724227
4/18/20,123.89,0.01731273
4/17/20,122.71,0.01734653
4/16/20,119.75,0.01732416
4/15/20,117.7,0.01730427
4/14/20,118.59,0.01722646
4/13/20,116.25,0.0172181
4/12/20,119.5,0.01719965
4/11/20,118.4,0.01723005
4/10/20,120.53,0.01727687
4/9/20,126.42,0.01730513
4/8/20,129.02,0.01766602
4/7/20,133.93,0.01830044
4/6/20,129.22,0.01822515
4/5/20,123.72,0.01820048
4/4/20,124,0.01830574
4/3/20,124.9,0.01832686
4/2/20,123.19,0.01831746
4/1/20,115.69,0.01834001
3/31/20,118.31,0.01833601
3/30/20,114.73,0.0182898
3/29/20,111.98,0.01833442
3/28/20,114.78,0.01843379
3/27/20,123.75,0.01848843
3/26/20,122.23,0.01832001
3/25/20,104.06,0.01562
3/24/20,104.36,0.01568625
3/23/20,95.25,0.01559569
3/22/20,95.63,0.01556939
3/21/20,98.12,0.01590073
3/20/20,102.04,0.01604103
3/19/20,91.68,0.01591603
3/18/20,83.55,0.01580347
3/17/20,84.22,0.01584821
3/16/20,78.23,0.01568635
3/15/20,82.98,0.01566785
3/14/20,85.87,0.01586732
3/13/20,84.12,0.01585147
3/12/20,103.72,0.01555724
3/11/20,121.31,0.01545439
3/10/20,122.63,0.0154295
3/9/20,124.83,0.01583312
3/8/20,140.32,0.01637157
3/7/20,148.8,0.01643331
3/6/20,149.69,0.01645284
3/5/20,148.07,0.01641464
3/4/20,144,0.01643406
3/3/20,144.64,0.01645273
3/2/20,143.2,0.01637162
3/1/20,140.13,0.01637503
2/29/20,142.72,0.01642898
2/28/20,143.2,0.01646221
2/27/20,145.1,0.01649476
2/26/20,148.97,0.01649076
2/25/20,155.89,0.01642482
2/24/20,159.09,0.01634096
2/23/20,161.25,0.01633531
2/22/20,158.08,0.01636166
2/21/20,158.88,0.01639601
2/20/20,157.79,0.01646555
2/19/20,166.47,0.0164811
2/18/20,161.2,0.01637202
2/17/20,159.26,0.01638309
2/16/20,162.44,0.01639725
2/15/20,167.27,0.01648708
2/14/20,168.8,0.01644896
2/13/20,170.1,0.01653387
2/12/20,170.44,0.01647725
2/11/20,164.52,0.01652377
2/10/20,163.14,0.01644277
2/9/20,165.86,0.01645257
2/8/20,162.03,0.01651115
2/7/20,161.79,0.01654871
2/6/20,159.68,0.01648006
2/5/20,154.93,0.01647925
2/4/20,151.48,0.01645887
2/3/20,153.26,0.01642432
2/2/20,153.99,0.01642022
2/1/20,154.01,0.01643017